obra_id,contrato,obra,auditor_responsable,duracion_horas,latitud,longitud,supervisor_preferente_id,supervisor_preferente,supervisores_alternativos_ids,supervisores_alternativos,contratista_id,contratista,tipo_inspeccion,prioridad
1,A-2510-K100188-61401-D/0528/2021,"PAVIMENTACIÓN DE LA CALLE VALENTIN CANALIZO, TRAMO: BLVD. VASCO DE QUIROGA A PEDRO MARÍA ANAYA, COL. REAL PROVIDENCIA Y BENITO JUAREZ.",VRA,2,21.135374,-101.652066,SUP-001,ARQ. ELIA ORTIZ TÉLLEZ,SUP-019,ING. JUAN PABLO RODRÍGUEZ CORDOVA,CON-035,"URBANIZADORA Y CONSTRUCTORA CURG, S.A. DE C.V.",Física,3
2,G-5051-K100250-61401-D/0541/2022,"CONSTRUCCIÓN DE CALLE CON CONCRETO EN EL MUNICIPIO DE LEÓN, GTO., EN LA LOCALIDAD SANTA ANA EN LA COLONIA SAN JOSÉ DE LOS MONTES, EN LA CALLE MONTE EL VERDE TRAMO: MONTE MALINTZI-MONTO BLANCO.",XGOT,3,21.057796,-101.67677,SUP-015,ING. FELIPE DE JESÚS ANTIMO PARRA,,,CON-006,"CONSTRUCCION Y SERVICIOS DEL BAJIO, S.A. DE C.V.",Física,3
3,GD-564023,"CONSTRUCCIÓN DE CALLE CON CONCRETO EN EL MUNICIPIO DE LEÓN, GTO.; EN LA LOCALIDAD LEÓN EN LA COLONIA LOMAS DE LOS CASTILLOS, EN LA CALLE CASTILLO DE VERONA TRAMO: CASTILLO DE WINDSOR-CASTILLO DE OVIEDO.",DAPF,3,21.205941,-101.677982,SUP-006,ARQ. MARIA TERESA RAMIREZ MORENO,SUP-018,ING. JOSÉ ALEJANDRO PÉREZ CEJA,CON-019,"INMOBILIARIA DIMARJ, S.A. DE C.V.",Física,3
10,AE-459022,"CONSTRUCCIÓN DE PARQUE BOSQUE DE LA OLLA UBICADO ENTRE LAS CALLES BLVD. CLOTO, BLVD. BALCONES DE LA JOYA Y CALLE LA NOPALERA, EN LA COLONIA RIZOS DEL SAUCILLO. (1ER ETAPA)",XGOT,8,21.147093,-101.755947,SUP-010,ARQ. NORMA VIRIDIANA MACIAS MAGALLANES,,,CON-002,"ACCA, S.A. DE C.V.",Física,3
11,AE-730023,"PP (323) PARQUE MANDARINAS DELEGACIÓN SAN JUAN BOSCO, UBICADA EN BLVD. CEREZA Y BLVD. MIGUEL DE CERVANTES SAAVEDRA, COLONIA LAS MANDARINAS (1RA. ETAPA)",CSGF,4,21.107024,-101.711756,SUP-010,ARQ. NORMA VIRIDIANA MACIAS MAGALLANES,,,CON-018,GUTIERREZ DE LOYOLA DANIEL,Física,3
6,A-2510-K100194-62201-H/0517/2021,PLAN MAESTRO DEL PARQUE METROPOLITANO LAS JOYAS,BACD,2,21.0992260761766,-101.65788506932189,,SIN DATO,,,CON-022,JUAN FRANCISCO CUAUHTEMOC MARQUEZ BARROZO,Física,3
7,A-2510-K100194-62201-H/0531/2021,"PROYECTO EJECUTIVO DEL PARQUE BOSQUE UBICADO ENTRE LAS CALLES BLVD. CLOTO, BLVD. BALCONES DE LA JOYA Y CALLE MATA GORDA, EN LA COLONIA RIZOS DEL SAUCILLO.",BACD,2,21.0992260761766,-101.65788506932189,,SIN DATO,,,CON-034,"URBAN TEN, S.A. DE C.V.",Física,3
8,A-2510-K100250-62201-H/0399/2023,PROYECTO EJECUTIVO PARQUE METROPOLITANO ORIENTE (1RA ETAPA) EN EL MUNICIPIO DE LEON GTO.,MASA,3.5,21.0992260761766,-101.65788506932189,SUP-005,ARQ. LUIS RAYMUNDO ZAMARRIPA,,,CON-014,"ESE ADE CEVE, S.A. DE C.V.",Física,3
9,A-2510-K100250-62201-H/0550/2022,"PROYECTO EJECUTIVO PARA LA REHABILITACIÓN DE INFRAESTRUCTURA (ACCESO, ALUMBRADO, TROTAPISTA, ANDADORES, JUEGOS INFANTILES, EJERCITADORES, ASADORES Y SERVICIOS SANITARIOS) EN LA UNIDAD DEPORTIVA PARQUE DEL ÁRBOL.",CSGF,2.5,21.0992260761766,-101.65788506932189,SUP-007,ARQ. MAURICIO ARIAS BALDERAS,SUP-004,ARQ. JUAN FRANCISCO TADEO ZUÑIGA,CON-015,FRAUSTO VELAZQUEZ MA DE JESUS,Física,3
14,AD-155025,"CONSTRUCCIÓN Y REHABILITACIÓN DE BANQUETAS EN EL CENTRO HISTÓRICO DE LEÓN, GTO. PAQUETE 1 2025.",MASA,2,21.124612,-101.684643,SUP-017,ING. JAIME ABRAHAM MANRÍQUEZ AZPEITIA,,,CON-028,"PROYECTOS SUPERVISION Y CONSTRUCCIONES SOMAR, S.A. DE C.V.",Física,3
16,AE-272025,"OBRA PP Z1882, BARDA PERIMETRAL TUBULAR EN PARQUE, DELEGACIÓN DEL CARMEN ZONA EL POTRERO EN LA COLONIA MAGISTERIAL (PRIMERA ETAPA).",VHDV,2,21.118296,-101.621623,SUP-016,ING. INGRID DEL ROSARIO GÓMEZ REYES,SUP-020,ING. JUAN PABLO RODRÍGUEZ GARCÍA,CON-001,"A R P E PAVIMENTACION Y EDIFICACIONES, S.A. DE C.V.",Física,3
12,AH-088025,"PROYECTO EJECUTIVO PP Z1527, TECHO DIGNO PARA LA PRIMARIA LÁZARO CÁRDENAS, DELEGACIÓN CERRITO DE JEREZ ZONA LOS RAMÍREZ EN LA COMUNIDAD EL RESPLANDOR",ARC,4,21.0992260761766,-101.65788506932189,SUP-005,ARQ. LUIS RAYMUNDO ZAMARRIPA,,,CON-030,RIOS FRAUSTO MA GUADALUPE,Física,3
13,A-2510-K100313-61201-H/0103/2025,"PROYECTO EJECUTIVO PP D1762, TECHO SEGURO PARA PRIMARIA FRANCISCO LOZORNIO, DELEGACIÓN SAN JUAN BOSCO EN LA COLONIA VIVAR II; PROYECTO EJECUTIVO PP Z1582, INSTALACIÓN DE DOMO EN LA ESCUELA PRIMARIA BELISARIO DOMINGUEZ",CSGF,2.5,21.0992260761766,-101.65788506932189,SUP-011,ARQ. RAYMUNDO ZAMARRIPA GONZÁLEZ,,,CON-015,FRAUSTO VELAZQUEZ MA DE JESUS,Física,3
17,AE-333025,"CONSTRUCCION DE PARQUE PUBLICO EN EL MUNICIPIO DE LEON, GTO., EN LA LOCALIDAD LEON DE LOS ALDAMA, COLONIA SAN SEBASTIAN II, CALLE FLAMENCO Y CANARIO.",DAPF,4,21.099809,-101.699916,SUP-015,ING. FELIPE DE JESÚS ANTIMO PARRA,SUP-020,ING. JUAN PABLO RODRÍGUEZ GARCÍA,CON-031,"SISTEMAS Y CONSTRUCCIONES FMMF, S.A. DE C.V.",Física,3
15,AH-071025,"PROYECTO EJECUTIVO PP Z1730, MEJORANDO TU TRAYECTO A CASA, DELEGACIÓN CERRO GORDO EN LA COMUNIDAD HACIENDA ARRIBA; PROYECTO EJECUTIVO PP Z1526, EMPEDRADO CON HUELLA DE CONCRETO",LEPC,2.5,21.0992260761766,-101.65788506932189,SUP-014,ING. CHRISTOPHER DALID BELTRÁN RAMOS,,,CON-007,"CONSTRUCTORA MADACO, S. DE R.L. DE C.V.",Física,3
18,AE-405024,"CONSTRUCCIÓN DE PARQUE PÚBLICO CON CANCHA DE PRÁCTICAS, MOBILIARIO Y ALUMBRADO PÚBLICO EN EL MUNICIPIO DE LEÓN, GTO., EN LA LOCALIDAD LEÓN DE LOS ALDAMA, COLONIA SAN MIGUEL DE RENTERIA.",ARA,4,21.120693,-101.646274,SUP-012,I.C. JOSÉ DE JESÚS ROCHA TENA,SUP-019,ING. JUAN PABLO RODRÍGUEZ CORDOVA,CON-011,"CONTRATISTAS CENTENARIO, S.A. DE C.V.",Física,3
33,GE-428024,"CONSTRUCCION DE PARQUE PUBLICO EN EL MUNICIPIO DE LEON GTO, LOCALIDAD LEON DE LOS ALDAMA, COLONIA VALLE ANTIGUA (TERCERA ETAPA).",VRA,4,21.128095,-101.726327,SUP-010,ARQ. NORMA VIRIDIANA MACIAS MAGALLANES,SUP-018,ING. JOSÉ ALEJANDRO PÉREZ CEJA,CON-023,"KARAMAWI CONSTRUCTORA, S.A. DE C.V.",Física,3
34,GE-542024,"CONSTRUCCIÓN DE PARQUE DEPORTIVO EN EL MUNICIPIO DE LEÓN GTO., EN LA LOCALIDAD LEÓN DE LOS ALDAMA, EN LA COLONIA LA HUERTA (SEGUNDA ETAPA).",MASA,4,21.157369,-101.627151,SUP-001,ARQ. ELIA ORTIZ TÉLLEZ,SUP-019,ING. JUAN PABLO RODRÍGUEZ CORDOVA,CON-027,"PERICUES CONSTRUCTORA, S.A. DE C.V.",Física,3
21,AE-624024,"OBRA: PLAZA Y CUBIERTA DE ACCESO Y CASETA DE CONTROL DEL ACCESO OESTE HACIA EL PARQUE ECOLÓGICO METROPOLITANO DE LEÓN, GUANAJUATO, EN LA ZONA CONOCIDA COMO ACCESO BALCONES.",MASA,4,21.174679,-101.698685,SUP-006,ARQ. MARIA TERESA RAMIREZ MORENO,,,CON-010,"CONSTRUCTORA Y PAVIMENTADORA 403, S.A. DE C.V.",Física,3
22,AH-068025,"PROYECTO EJECUTIVO PP Z1622, REHABILITACIÓN DE NUESTRO PARQUE MORELOS, DELEGACIÓN SAN JUAN BOSCO ZONA LAS HUERTAS EN LA COLONIA MORELOS; PROYECTO EJECUTIVO PP Z1463",LCN,3,21.0992260761766,-101.65788506932189,SUP-009,ARQ. MICHELLE GUADALUPE JIMENEZ JIMENEZ,,,CON-013,"DEL VALLE INGENIERIA Y ESPACIOS ARQUITECTONICOS, S.A. DE C.V.",Física,3
23,AH-069025,"PROYECTO EJECUTIVO PP Z1798, PARQUE CONVIVE TORREMOLINOS, DELEGACIÓN CERRITO DE JEREZ ZONA DIEZ DE MAYO EN LA COLONIA TORREMOLINOS; PROYECTO EJECUTIVO PP Z1878",VRA,4,21.0992260761766,-101.65788506932189,SUP-008,ARQ. MICHELL PALOMARES GONZÁLEZ,,,CON-016,"GRUPO CONSTRUCTOR CONFICTUM, S.A. DE C.V.",Física,3
24,AH-074025,"PROYECTO EJECUTIVO PP Z1882, BARDA PERIMETRAL TUBULAR EN PARQUE, DELEGACIÓN DEL CARMEN ZONA EL POTRERO EN LA COLONIA MAGISTERIAL",XGOT,2,21.0992260761766,-101.65788506932189,SUP-003,ARQ. JESSICA GALILEA ARELLANO ÁVILA,,,CON-033,TORRES MEJIA JOSE REFUGIO,Física,3
25,AH-075025,"PROYECTO EJECUTIVO PP Z1835, CANCHA DE USOS MÚLTIPLES, DELEGACIÓN CERRO GORDO ZONA ARBOLEDAS DE LOS CASTILLOS EN LA COLONIA MAYA; PROYECTO EJECUTIVO PP Z2001, UN PARQUE",BACD,2,21.0992260761766,-101.65788506932189,,SIN DATO,,,CON-014,"ESE ADE CEVE, S.A. DE C.V.",Física,3
26,AH-084025,"PROYECTO EJECUTIVO PP Z1957, REHABILITACIÓN DE LAS ÁREAS COMUNES DEPORTIVAS, DELEGACIÓN LAS JOYAS ZONA LA ERMITA EN LA COLONIA VILLAS DE PALERMO",DAPF,2,21.0992260761766,-101.65788506932189,SUP-003,ARQ. JESSICA GALILEA ARELLANO ÁVILA,,,CON-024,LOPEZ GONZALEZ JUAN CARLOS,Física,3
27,AH-086025,"PROYECTO EJECUTIVO PP Z1659, REHABILITACIÓN DE PARQUE CALISTENIA Y PARKOUR, DELEGACIÓN COECILLO ZONA SANTA ROSA DE LIMA EN LA COLONIA DEPORTIVA II",FMM,3.5,21.0992260761766,-101.65788506932189,SUP-009,ARQ. MICHELLE GUADALUPE JIMENEZ JIMENEZ,,,CON-025,"MUBARQUI, S.A. DE C.V.",Física,3
28,AH-446024,PROYECTO EJECUTIVO DE REHABILITACIÓN PARQUE VECINAL MINI DEPORTIVO MALECÓN DEL RIO CRUZ DE CANTERA.,ARA,2,21.0992260761766,-101.65788506932189,SUP-008,ARQ. MICHELL PALOMARES GONZÁLEZ,,,CON-004,CARPIZO ITUARTE LUIS FELIPE,Física,3
29,AH-628024,"PROYECTO EJECUTIVO DE REHABILITACIÓN DE LA INFRAESTRUCTURA EXISTENTE Y CONSTRUCCIÓN DE PISTA BMX EN LA UNIDAD DEPORTIVA NUEVO MILENIO, LEÓN, GTO.",VHDV,3,21.0992260761766,-101.65788506932189,SUP-007,ARQ. MAURICIO ARIAS BALDERAS,,,CON-020,JOSE ANGEL SOTO MARTINEZ,Física,3
30,AH-642024,"PROYECTO EJECUTIVO PARA EL EQUIPAMIENTO CULTURAL PARQUE JUAREZ, EN LA CIUDAD DE LEÓN GTO.",ARC,3,21.0992260761766,-101.65788506932189,SUP-009,ARQ. MICHELLE GUADALUPE JIMENEZ JIMENEZ,,,CON-003,"ARRE-VERA, S.A. DE C.V.",Física,3
31,AH-643024,"PROYECTO EJECUTIVO PARA EL PARQUE VIVERO, BULEVAR IBARRILLA, UBICADO EN LA CIUDAD DE LEÓN, GTO.",MLGS,2,21.0992260761766,-101.65788506932189,SUP-009,ARQ. MICHELLE GUADALUPE JIMENEZ JIMENEZ,,,CON-032,"SUPERVISION Y DISENO, S.A. DE C.V.",Física,3
32,AH-682024,"ESTUDIOS PRELIMINARES Y PROPUESTA ARQUITECTÓNICA CONCEPTUAL DE LA ZONA ECOLÓGICA (PRESA), DEL NUEVO PARQUE METROPOLITANO ORIENTE, EN LA CIUDAD DE LEÓN, GTO.",MLGS,2,21.1279720448738,-101.594680671163,SUP-005,ARQ. LUIS RAYMUNDO ZAMARRIPA,,,CON-004,CARPIZO ITUARTE LUIS FELIPE,Física,3
44,AE-306025,"CONSTRUCCIÓN PARA LA REHABILITACIÓN EN CENTRO ESPECIALIZADO DE ESTIMULACIÓN MÚLTIPLE, DIF",LFMA,4,21.159266,-101.667927,,SIN DATO,,,CON-002,"ACCA, S.A. DE C.V.",Física,3
48,IE-427025,"CONSTRUCCIÓN DE ESPACIO MULTIDEPORTIVO EN EL MUNICIPIO DE LEÓN, GTO., EN LA LOCALIDAD LEÓN DE LOS ALDAMA, COLONIA PORTALES DE SAN SEBASTIÁN, CALLE ARCO DEL TRIUNFO Y BLVD. TORRES LANDA (PISTA DE ATLETISMO).",BACD,3,21.104107,-101.704416,,SIN DATO,,,CON-017,"GURAM CONSTRUCTORA, S.A. DE C.V.",Física,3
4,A-2510-K100188-62201-E/0335/2021,"CONSTRUCCIÓN DE PARQUE PÚBLICO EN EL MUNICIPIO DE LEÓN, GTO., EN LA LOCALIDAD LEÓN, EN LA COLONIA LAS TORRES EN LA CALLE TORRE LÉON.",ARC,4,21.170796,-101.757287,SUP-015,ING. FELIPE DE JESÚS ANTIMO PARRA,,,CON-010,"CONSTRUCTORA Y PAVIMENTADORA 403, S.A. DE C.V.",Física,3
36,IE-726023,"AMPLIACIÓN, MODERNIZACION Y REHABILITACIÓN DE LA INFRAESTRUCTURA Y EQUIPAMIENTO DEL PARQUE DE LA VIDA, UBICADO EN LA ZONA DE IBARRILLA, EN EL MUNICIPIO DE LEÓN, GTO.",ARA,8.5,21.1835833333333,-101.652027777778,SUP-006,ARQ. MARIA TERESA RAMIREZ MORENO,SUP-018,ING. JOSÉ ALEJANDRO PÉREZ CEJA,CON-005,"CONSORCIO CONSTRUCTOR ECO DEL BAJIO, S.A. DE C.V.",Física,3
5,A-2510-K100188-62201-E/0353/2021,"CONSTRUCCIÓN DE PARQUE PÚBLICO EN EL MUNICIPIO DE LEÓN, GTO., EN LA LOCALIDAD LEÓN, EN LA COLONIA PASEOS DEL MAUREL, EN LA CALLE COSTA AZUL.",BACD,4,21.093482,-101.675894,,SIN DATO,,,CON-021,JOSE BERNARDO GOMEZ PADILLA,Física,3
35,GE-555024,"CONSTRUCCION DE PARQUE PUBLICO EN EL MUNICIPIO DE LEON, GTO., EN LA LOCALIDAD RIVERA DEL CARMEN (DIVINA INFANTITA) (SEGUNDA ETAPA).",LCN,4,21.183329,-101.638041,SUP-006,ARQ. MARIA TERESA RAMIREZ MORENO,,,CON-029,"PROYECTOS Y CONSTRUCCIONES RAMES, S.A. DE C.V.",Física,3
37,A-2510-K100188-61401-D/0383/2021,BACHEO PROFUNDO DE CIRCUITO OLEODUCTO TRAMO: VÍAS DEL FFCC A BLVD. HERMANOS ALDAMA,CSGF,2,21.077689,-101.679052,SUP-002,ARQ. EZEQUIEL MARTÍNEZ RODRÍGUEZ,,,CON-005,"CONSORCIO CONSTRUCTOR ECO DEL BAJIO, S.A. DE C.V.",Física,3
40,A-5051-K100213-61401-D/0490/2021,"PAVIMENTACIÓN DE LA CALLE FRANCISCO LOMBARDO, TRAMO: ROA BARCENAS A IGNACIO AGUIRRE COL. PERIODISTAS MEXICANOS",DAPF,2,21.091873,-101.754641,SUP-001,ARQ. ELIA ORTIZ TÉLLEZ,SUP-019,ING. JUAN PABLO RODRÍGUEZ CORDOVA,CON-008,"CONSTRUCTORA NOARDIQ, S.A. DE C.V.",Física,3
41,RICE-334022,CONSTRUCCIÓN DE CERCADO PERIMETRAL EN LA MINIDEPORTIVA VALLE DE SEÑORA 2,VHDV,2.5,21.157881,-101.654503,SUP-006,ARQ. MARIA TERESA RAMIREZ MORENO,,,CON-008,"CONSTRUCTORA NOARDIQ, S.A. DE C.V.",Física,3
43,AE-193025,CONSTRUCCIÓN DE ESCULTURA EN EL PARQUE ZOOLÓGICO COMO SÍMBOLO EMBLEMÁTICO DE LA CIUDAD EN LO QUE REPRESENTA LA FAMILIA LEONESA.,MLGS,2,21.181989,-101.650377,SUP-006,ARQ. MARIA TERESA RAMIREZ MORENO,,,CON-026,PADILLA DUQUE VICTOR FELIPE,Física,3
45,AE-664025,"CONSTRUCCIÓN DE PARQUE METROPOLITANO SUR, EN LA CIUDAD DE LEÓN, GTO., ETAPA 1 FASE 2.",VRA,4,21.064746,-101.633093,SUP-015,ING. FELIPE DE JESÚS ANTIMO PARRA,,,CON-036,"URBE PROYECTOS Y CONSTRUCCIONES, S.A. DE C.V.",Física,3
46,AE-665025,"CONSTRUCCIÓN DE PARQUE METROPOLITANO SUR, EN LA CIUDAD DE LEÓN, GTO. ETAPA 1 FASE 1.",DAPF,4,21.064746,-101.633093,SUP-015,ING. FELIPE DE JESÚS ANTIMO PARRA,,,CON-009,"CONSTRUCTORA Y ARRENDADORA HER BEC, S.A. DE C.V.",Física,3
47,GE-498025,"CONSTRUCCIÓN DE PARQUE PÚBLICO EN EL MUNICIPIO DE LEÓN GTO, EN LA LOCALIDAD LEÓN DE LOS ALDAMA, COLONIA VILLAS DEL COUNTRY, CALLE VILLA PIAMONTE Y BLVD. MALAQUITA.",ARC,4,21.157015,-101.741306,SUP-013,ING. ALEJANDRA JUAREZ VELA,,,CON-008,"CONSTRUCTORA NOARDIQ, S.A. DE C.V.",Física,3
49,I-2510-K100259-62201-D/0642/2023,"MODERNIZACIÓN Y REHABILITACIÓN DE LA INFRAESTRUCTURA Y EQUIPAMIENTO DE LA UNIDAD DEPORTIVA ENRIQUE FERNÁNDEZ MARTÍNEZ, EN EL MUNICIPIO DE LEÓN, GUANAJUATO.",ARA,5,21.104421,-101.637897,SUP-012,I.C. JOSÉ DE JESÚS ROCHA TENA,SUP-019,ING. JUAN PABLO RODRÍGUEZ CORDOVA,CON-012,"CORPORACION LANTANA, S.A. DE C.V.",Física,3
